{"cameraMode":{"drawMode":0,"name":"Shaded","section":"Shading Mode"},"sceneLighting":false,"audioPlay":false,"sceneViewState":{"m_AlwaysRefresh":false,"showFog":true,"showSkybox":false,"showFlares":true,"showImageEffects":true,"showParticleSystems":true,"showVisualEffectGraphs":true,"m_FxEnabled":true},"in2DMode":false,"pivot":{"x":8.474922180175782,"y":30.52442741394043,"z":-10.951583862304688},"rotation":{"x":0.0005881170509383082,"y":0.9535782933235169,"z":-0.0017131856875494123,"w":0.30124226212501528},"size":15.529693603515625,"orthographic":false}